Fostick, Leah;Leah Fostick;Ariel University
Zekveld, Adriana;Adriana Zekveld;Vu Medical Center
Ben-David, Boaz M;Boaz M Ben-David;Interdisciplinary Center Herzliya
Leshem, Omer;Omer Leshem;The New School
Schober, Michael F;Michael F Schober;The New School
London, Justin;Justin London;Carleton College
Mak, Suyin;Suyin Mak;Chinese University of Hong Kong
Marvin, Betsy;Betsy Marvin;Eastman School of Music
Honing, Henkjan;Henkjan Honing;University of Amsterdam
Zendel, Benjamin;Benjamin Zendel;Memorial University of Newfoundland
Alexander, Emily;Emily Alexander;Memorial University of Newfoundland
Oliveira, Bruna De;Bruna De Oliveira;Federal University of ABC
Ventorim, Giulia;Giulia Ventorim;Federal University of ABC
Feitosa-Santana, Claudia;Claudia Feitosa-Santana;Fundação Dom Cabral
Vanzella, Patricia Maria;Patricia Maria Vanzella;Federal University of ABC
Hou, Jiancheng;Jiancheng Hou;University of Wisconsin-Madison
He, Qinghua;Qinghua He;Faculty of Psychology, Southwest University
Chen, Chuansheng;Chuansheng Chen;Department of Psychology and Social Behavior, University of California
Dong, Qi;Qi Dong;State Key Laboratory of Cognitive Neuroscience and Learning, Beijing Normal University
Prabhakaran, Vivek;Vivek Prabhakaran;School of Medicine and Public Health, University of Wisconsin-Madison
Reed, Alissandra;Alissandra Reed;Eastman School of Music
Friedman, Ronald S;Ronald S Friedman;University at Albany, SUNY
Wong, Patrick;Patrick Wong;Chinese University of Hong Kong
Phillips, Natalie;Natalie Phillips;Michigan State University
Simchy-Gross, Rhimmon;Rhimmon Simchy-Gross;University of Arkansas
Kindig, Gabrielle;Gabrielle Kindig;Michigan State University
McAuley, Devin;Devin McAuley;Michigan State University
Levitin, Daniel J;Daniel J Levitin;McGill University
Miralles, Alexandre Celma;Alexandre Celma Miralles;Universitat Pompeu Fabra
Toro, Juan M.;Juan M. Toro;Universitat Pompeu Fabra & ICREA
Pagès, Carlota;Carlota Pagès;Center for Brain and Cognition, Universitat Pompeu Fabra
Stambaugh, Laura;Laura Stambaugh;Georgia Southern
Hegde, Shantala;Shantala Hegde;National Institute of Mental Health and Neuro Sciences
Asem, Babina Asem;Babina Asem Asem;National Institute of Mental Health and Neuro Sciences
Lenka, Abhishek;Abhishek Lenka;National Institute of Mental Health and Neuro Sciences
Philip, Mariamma;Mariamma Philip;National Institute of Mental Health and Neuro Sciences
Pal, Pramod Kumar;Pramod Kumar Pal;National Institute of Mental Health and Neuro Sciences
Cheong, Yong Jeon;Yong Jeon Cheong;Ohio State University
Will, Udo;Udo Will;Ohio State University
Buck, Bryony;Bryony Buck;Institute of Musicians' Medicine University of Music Carl Maria von Weber
Madden, Gerard Breaden;Gerard Breaden Madden;Institute of Musicians' Medicine University of Music Carl Maria von Weber
Beveridge, Scott;Scott Beveridge;Institute of High Performance Computing - Social & Cognitive Computing Department Agency for Science, Technology and Research
Jabusch, Hans-Christian;Hans-Christian Jabusch;Institute of Musicians' Medicine University of Music Carl Maria von Weber
Hennessy, Sarah L;Sarah L Hennessy;University of Southern California
Sachs, Matthew;Matthew Sachs;University of Southern California
Ilari, Beatriz;Beatriz Ilari;University of Southern California
Habibi, Assal;Assal Habibi;University of Southern California
Suberry, Assaf;Assaf Suberry;Levinsky college
Eitan, Zohar;Zohar Eitan;Tel Aviv University
Heng, Lena;Lena Heng;McGill University
Fram, Noah R;Noah R Fram;Stanford University
Timmers, Renee;Renee Timmers;University of Sheffield
Ashley, Richard;Richard Ashley;Northwestern University
Moore, Kimberly Sena;Kimberly Sena Moore;University of Miami
Hanson-Abromeit, Deanna;Deanna Hanson-Abromeit;University of Kansas
Menon, Mythili;Mythili Menon;Wichita State University
Colcher, Drew;Drew Colcher;Wichita State University
Alessandri, Elena;Elena Alessandri;Lucerne University of Applied Sciences and Arts
Baldassarre, Antonio;Antonio Baldassarre;Lucerne University of Applied Sciences and Arts
Senn, Olivier;Olivier Senn;Lucerne University of Applied Sciences and Arts
Szamatulski, Katrin;Katrin Szamatulski;Lucerne University of Applied Sciences and Arts
Williamson, Victoria J.;Victoria J. Williamson;Department of Music, University of Sheffield
Hosken, Fred;Fred Hosken;Northwestern University
Krumhansl, Carol L;Carol L Krumhansl;Cornell University
Beier, Eleonora J;Eleonora J Beier;University of California, Davis
Janata, Petr;Petr Janata;University of California, Davis
Hulbert, Justin;Justin Hulbert;Bard College
Ferreira, Fernanda;Fernanda Ferreira;University of California, Davis
Saitis, Charalampos;Charalampos Saitis;Centre for Digital Music, Queen Mary, University of London
Marinelli, Luca;Luca Marinelli;Audio Communication Group, TU Berlin
Lykartsis, Athanasios;Athanasios Lykartsis;Audio Communication Group, TU Berlin
Weinzierl, Stefan;Stefan Weinzierl;Audio Communication Group, TU Berlin
Leung, Yik Nam Florence;Yik Nam Florence Leung;University of Reading
Zhou, Can;Can Zhou;Shanghai Normal University
Jiang, Cunmei;Cunmei Jiang;Shanghai Normal University
Liu, Fang;Fang Liu;University of Reading
Degé, Franziska;Franziska Degé;Max Planck Institute for Empirical Aesthetics
Roeske, Tina;Tina Roeske;Max Planck Institute for Empirical Aesthetics
Schwarzer, Gudrun;Gudrun Schwarzer;Justus-Liebig-University Giessen
Wald-Fuhrmann, Melanie;Melanie Wald-Fuhrmann;Max Planck Institute for Empirical Aesthetics
Burger, Birgitta;Birgitta Burger;University of Jyväskylä
Schultz, Benjamin;Benjamin Schultz;Maastricht University
Lim, Yeoeun;Yeoeun Lim;Seoul National University
Popkin, Joel;Joel Popkin;University of Massachusetts Medical School
Yi, Suk Won;Suk Won Yi;Seoul National University
Warrenburg, Lindsay;Lindsay Warrenburg;Ohio State University
Reymore, Lindsey E;Lindsey E Reymore;Ohio State University
Shanahan, Daniel;Daniel Shanahan;Louisiana State University
Spyra, Joanna;Joanna Spyra;McMaster University
Woolhouse, Matthew H;Matthew H Woolhouse;McMaster University
Albrecht, Joshua;Joshua Albrecht;The University of Mary Hardin-Baylor
Kowalewski, Douglas A;Douglas A Kowalewski;University at Albany, SUNY
Zavoyskiy, Stan;Stan Zavoyskiy;University at Albany, SUNY
Neill, Trammell;Trammell Neill;University at Albany, SUNY
Sato, Shoichiro;Shoichiro Sato;Keio University
Fujii, Shinya;Shinya Fujii;Keio University
Savage, Patrick E.;Patrick E. Savage;Keio University
Powell, Merrick;Merrick Powell;Macquarie University
Olsen, Kirk N;Kirk N Olsen;Macquarie University
Thompson, Bill;Bill Thompson;Macquarie University
Fenk-Oczlon, Gertraud;Gertraud Fenk-Oczlon;Alpen-Adria- universität
Goldman, Andrew;Andrew Goldman;University of Western Ontario
Norman-Haignere, Samuel V;Samuel V Norman-Haignere;Columbia University
Feather, Jenelle;Jenelle Feather;Massachusetts Institute of Technology
Brunner, Peteer;Peteer Brunner;Albany Medical College, Wadsworth Center, SUNY
Ritaccio, Anthony;Anthony Ritaccio;Albany Medical College, Wadsworth Center, SUNY
McDermott, Josh;Josh McDermott;Massachusetts Institute of Technology
Schalk, Gerwin;Gerwin Schalk;Albany Medical College, Wadsworth Center, SUNY
Kanwisher, Nancy;Nancy Kanwisher;Massachusetts Institute of Technology
Regev, Tamar I;Tamar I Regev;The Hebrew University of Jerusalem
Markusfeld, Geffen;Geffen Markusfeld;The Hebrew University of Jerusalem
Nelken, Israel;Israel Nelken;The Hebrew University of Jerusalem
Deouell, Leon;Leon Deouell;The Hebrew University of Jerusalem
Fleurian, Rémi de;Rémi de Fleurian;Queen Mary University of London
Pearce, Marcus;Marcus Pearce;Queen Mary University of London
Phillips, Keith;Keith Phillips;Royal Norther College of Music
Jackson, Tyreek;Tyreek Jackson;St. John's University
Shea, Nicholas;Nicholas Shea;Ohio State University
Glowacki, Leo;Leo Glowacki;Ohio State University
Shanahan, Daniel;Daniel Shanahan;Ohio State University
Nave-Blodgett, Jessica E;Jessica E Nave-Blodgett;University of Nevada, Las Vegas
Snyder, Joel;Joel Snyder;University of Nevada, Las Vegas
Hannon, Erin;Erin Hannon;University of Nevada, Las Vegas
Roman, Adrian S;Adrian S Roman;University of California, Davis
Roman, Iran R;Iran R Roman;Stanford University
Souza, Jonathan De;Jonathan De Souza;University of Western Ontario
Roy, Adam;Adam Roy;University of Western Ontario
Lense, Miriam;Miriam Lense;Vanderbilt University Medical Center
Beck, Sara;Sara Beck;Randolph College
Summers, Adam;Adam Summers;Belmont University
Pfeiffer, Rita;Rita Pfeiffer;Vanderbilt University
Liu, Christina;Christina Liu;Vanderbilt University Medical Center
Diaz, Nicole;Nicole Diaz;Vanderbilt University
Goodman, Nia;Nia Goodman;Vanderbilt University
Lynch, Megan;Megan Lynch;Vanderbilt University
Cannon, Jonathan J;Jonathan J Cannon;Meridian Academy
Patel, Ani;Ani Patel;Tufts University
Loui, Psyche;Psyche Loui;Northeastern
Marchiano, María;María Marchiano;Laboratorio para el Estudio de la Experiencia Musical, Universidad Nacional de La Plata
Martinez, Isabel Cecilia;Isabel Cecilia Martinez;Laboratorio para el Estudio de la Experiencia Musical, Universidad Nacional de La Plata
Vuvan, Dominique T.;Dominique T. Vuvan;Skidmore College & International Laboratory for Brain, Music, and Sound Research
Hughes, Bryn;Bryn Hughes;The University of Lethbridge
Fisher, Nina;Nina Fisher;The University of Edinburgh
Hadley, Lauren;Lauren Hadley;The Univeristy of Edinburgh
Pickering, Martin;Martin Pickering;The University of Edinburgh
Maimon, Neta;Neta Maimon;Tel Aviv University
Lamy, Dominique;Dominique Lamy;Tel Aviv University
Wilson, Courtney A;Courtney A Wilson;Texas State University
Graham, Reiko;Reiko Graham;Texas State University 
Kasdan, Anna V;Anna V Kasdan;Vanderbilt University 
Michalareas, Georgios;Georgios Michalareas;Max Planck Institute for Empirical Aesthetics
Rowland, Jess;Jess Rowland;New York University
Davidesco, Ido;Ido Davidesco;New York University
Poeppel, David;David Poeppel;New York University and Max Planck Institute for Empirical Aesthetics
Dikker, Suzanne;Suzanne Dikker;New York University and Utrecht University 
Prete, David;David Prete;McMaster University 
Helmer, Karl G;Karl G Helmer;Massachusetts General Hospital
Preciado, Ronny;Ronny Preciado;Massachusetts General Hospital
Falco, Richard;Richard Falco;Worcester Polytechnic Institute
Bianchi, Frederick;Frederick Bianchi;Worcester Polytechnic Institute
Carrillo, Chantal;Chantal Carrillo;McMaster University
Chang, Andrew;Andrew Chang;McMaster University
Li, Yao-Chuen;Yao-Chuen Li;China Medical University
Chan, Jennifer;Jennifer Chan;University of Toronto
Cairney, John;John Cairney;University of Toronto
Trainor, Laurel;Laurel Trainor;McMaster University
Miller, Natalie;Natalie Miller;The University of Texas at Austin
Saarikallio, Suvi H;Suvi H Saarikallio;University of Jyväskylä
Luck, Geoff;Geoff Luck;University of Jyväskylä
Hakula, Laura;Laura Hakula;University of Jyväskylä
Vallius, Linnea;Linnea Vallius;University of Jyväskylä
Heng, Gladys;Gladys Heng;Nanyang Technological University
Wahab, Nur Diyanah Abdul;Nur Diyanah Abdul Wahab;Nanyang Technological University
Chen, Annabel;Annabel Chen;Nanyang Technological University
Cheung, Vincent KM;Vincent KM Cheung;Max Planck Institute for Human Cognitive and Brain Sciences
Harrison, Peter;Peter Harrison;Queen Mary University of London
Meyer, Lars;Lars Meyer;Max Planck Institute for Human Cognitive and Brain Sciences
Haynes, John-Dylan;John-Dylan Haynes;Bernstein Center for Computational Neuroscience
Koelsch, Stefan;Stefan Koelsch;University of Bergen
Bannister, Scott;Scott Bannister;Department of Music, Durham University, United Kingdom
Lee, Kyung Myun;Kyung Myun Lee;KAIST
Câmara, Guilherme S;Guilherme S Câmara;University of Oslo
Danielsen, Anne;Anne Danielsen;University of Oslo
Nymoen, Kristian;Kristian Nymoen;University of Oslo
Temperley, David;David Temperley;Eastman School of Music
Warburton, Wayne;Wayne Warburton;Macquarie University
Powell, Merrick;Merrick Powell;Macquarie University
Hutchins, Sean;Sean Hutchins;The Royal Conservatory
Larrouy-Maestri, Pauline;Pauline Larrouy-Maestri;Max-Planck-Institute for Empirical Aesthetics
Huan, Shi En Gloria;Shi En Gloria Huan;University at Buffalo, SUNY
Pfordresher, Peter;Peter Pfordresher;University at Buffalo, SUNY
Kim, Ji Chul;Ji Chul Kim;University of Connecticut
Park, Se-Woong;Se-Woong Park;Northeastern University
Sternad, Dagmar;Dagmar Sternad;Northeastern University
Large, Ed;Ed Large;University of Connecticut
Noble, Jason;Jason Noble;McGill University
McAdams, Stephen;Stephen McAdams;McGill University
Bonin, Tanor;Tanor Bonin;McGill University
Schutz, Mike;Mike Schutz;McMaster University
Sears, David;David Sears;Texas Tech University
Forrest, David;David Forrest;Texas Tech University
Gudmundsdottir, Helga R;Helga R Gudmundsdottir;University of Iceland
Rosen, David S;David S Rosen;Stockton University
Begel, Valentin;Valentin Begel;Université de Lille
Bachrach, Asaf;Asaf Bachrach;Centre national de la recherche scientifique
Bella, Simone Dalla;Simone Dalla Bella;University of Montreal
Laroche, Julien;Julien Laroche;Centre national de la recherche scientifique
Clément, Sylvain;Sylvain Clément;Université de Lille
Delval, Arnaud;Arnaud Delval;CHU Lille
Riquet, Audrey;Audrey Riquet;CHU Lille
Dellacherie, Delphine;Delphine Dellacherie;Université de Lille
Vessel, Edward;Edward Vessel;Max Planck Institute for Empirical Aesthetics
Bruder, Camila;Camila Bruder;Max Planck Institute for Empirical Aesthetics
Rogers, Susan;Susan Rogers;Berklee College of Music
Poeppel, David;David Poeppel;New York University
Teng, Xiangbin;Xiangbin Teng;Max Planck Institute for Empirical Aesthetics
Kayser, Diana;Diana Kayser;University of York
Egermann, Hauke;Hauke Egermann;University of York
Greenspon, Emma B;Emma B Greenspon;University at Buffalo
Zuk, Nathaniel J;Nathaniel J Zuk;Trinity College Dublin
Steinhauer, Grant;Grant Steinhauer;Tufts University
Setzler, Matthew;Matthew Setzler;Indiana University
Golstone, Robert;Robert Golstone;Indiana University
Sioros, George;George Sioros;University of Oslo
Madison, Guy;Guy Madison;University of Umå, Department of Psychology
Cocharro, Diogo;Diogo Cocharro;INESC-TEC
Gouyon, Fabien;Fabien Gouyon;INESC-TEC
Schaal, Nora;Nora Schaal;Heinrich Heine University
Hepp, Philip;Philip Hepp;Clinic for Gynecology and Obstetrics, HELIOS University Hospital Wuppertal
Hess, Lucas J;Lucas J Hess;Texas Tech University
Martens, Peter A;Peter A Martens;Texas Tech University
Percival, Hannah;Hannah Percival;Texas Tech University
Baker, David J;David J Baker;Louisiana State University
Fogel, Allison R;Allison R Fogel;Tufts University
Morgan, Emily;Emily Morgan;University of California, Davis
Kuperberg, Gina;Gina Kuperberg;Tufts University
Trevor, Caitlyn;Caitlyn Trevor;Ohio State University
Huron, David;David Huron;Ohio State University
Feth, Larry;Larry Feth;Ohio State University
Arnal, Luc;Luc Arnal;Université de Genève
Perez, Priscilla;Priscilla Perez;University of Southern California
Wood, Alison;Alison Wood;University of Southern California
Habibi, Assal;Assal Habibi;University of Southern California
Weiss, Michael;Michael Weiss;BRAMS, University of Montreal
Peretz, Isabelle;Isabelle Peretz;University of Montreal
Casey, Michael A.;Michael A. Casey;Dartmouth College
Mentch, Jefferey;Jefferey Mentch;Massachusetts Institute of Technology
Braus, Ira L;Ira L Braus;Hartt School/University of Hartford
Harrison, Elinor C;Elinor C Harrison;Washington University in St. Louis
Horin, Adam P;Adam P Horin;Washington University in St. Louis
Earhart, Gammon;Gammon Earhart;Washington University in St. Louis
Myers, Peter;Peter Myers;Washington University in St. Louis
McNeely, Marie;Marie McNeely;Unfold Productions, LLC
Rawson, Kerri;Kerri Rawson;Washington University in St. Louis
Sutter, Ellen N;Ellen N Sutter;University of Minnesota
Podolak, Olivia M;Olivia M Podolak;University of Toronto Scarborough
Schmuckler, Mark;Mark Schmuckler;University of Toronto Scarborough
Namin, Akbar Siami;Akbar Siami Namin;Computer Science Department, Texas Tech University
Jones, Keith;Keith Jones;Texas Tech University
Scheurich, Rebecca;Rebecca Scheurich;McGill University
Demos, Alexander P;Alexander P Demos;University of Illinois at Chicago
Zamm, Anna;Anna Zamm;McGill University
Mathias, Brian;Brian Mathias;McGill University
Palmer, Caroline;Caroline Palmer;McGill University
Wei, Yi;Yi Wei;University of Connecticut
Wasserman, Charles S;Charles S Wasserman;University of Connecticut
Friedman, Amy;Amy Friedman;McGill University
Maxwell, Braden;Braden Maxwell;University of Rochester
Henechowicz, Tara L;Tara L Henechowicz;University of Toronto
Chen, Joyce L.;Joyce L. Chen;University of Toronto
Cohen, Leonardo G.;Leonardo G. Cohen;NIH/NINDS
Thaut, Michael;Michael Thaut;University of Toronto
Merrill, Julia;Julia Merrill;Max Planck Institute for Empirical Aesthetics
Condit-Schultz, Nathaniel;Nathaniel Condit-Schultz;Georgia Institute of Technology
Yang, Simin;Simin Yang;Centre for Digital Music, Queen Mary University of London
Barthet, Mathieu;Mathieu Barthet;QMUL
Chew, Elaine;Elaine Chew;Centre for Digital Music, Queen Mary University of London, UK
Spidle, Frances;Frances Spidle;McGill University
Koopmans, Erik;Erik Koopmans;McGill University
Schubert, Peter;Peter Schubert;McGill University
Lerud, Karl D;Karl D Lerud;University of Connecticut
Curtis, Meagan;Meagan Curtis;Purchase College, SUNY
Brothers, Sarah;Sarah Brothers;Purchase College, SUNY
Grimaud, Annaliese Micallef;Annaliese Micallef Grimaud;Durham University 
Hedger, Stephen C Van;Stephen C Van Hedger;Western University
Heald, Shannon;Shannon Heald;University of Chicago
Nusbaum, Howard;Howard Nusbaum;University of Chicago
Han, Yo-Jung;Yo-Jung Han;University of Maryland
Heyne, Matthias;Matthias Heyne;Boston University, Sargent College of Health & Rehabilitation Sciences, Boston, MA
Iltis, Peter;Peter Iltis;Gordon College
Frahm, Jens;Jens Frahm;Biomedical NMR, Max-Planck-Institute for Biophysical Chemistry, Göttingen
Voit, Dirk;Dirk Voit;Biomedical NMR, Max-Planck-Institute for Biophysical Chemistry, Göttingen
Joseph, Arun;Arun Joseph;Biomedical NMR, Max-Planck-Institute for Biophysical Chemistry, Göttingen
Atlas, Lian;Lian Atlas;Gordon College
Cooper, Patrick;Patrick Cooper;University of South Florida
Wen, Olivia Xin;Olivia Xin Wen;Cornell University
Bamford, Joshua S.;Joshua S. Bamford;Finnish Centre for Interdisciplinary Music Research, University of Jyväskylä
Zayas, Vivian;Vivian Zayas;Cornell University
Toiviainen, Petri;Petri Toiviainen;University of Jyväskylä
Rigoli, Carson G Miller;Carson G Miller Rigoli;University of California, San Diego
Creel, Sarah C;Sarah C Creel;University of California, San Diego
Tranchant, Pauline;Pauline Tranchant;McGill University
Scholler, Eleonore;Eleonore Scholler;McGill University
Barradas, Gonçalo T.;Gonçalo T. Barradas;Uppsala Universitet
Cariani, Peter A;Peter A Cariani;Boston University
Battcock, Aimee E;Aimee E Battcock;McMaster University
Ho, Hubert;Hubert Ho;Northeastern University
Abrams, Ellie B;Ellie B Abrams;New York University
Lorenz, Taina;Taina Lorenz;University of Washington
Morrison, Steven;Steven Morrison;University of Washington
Pelofi, Claire;Claire Pelofi;New York University
Clingain, Clare;Clare Clingain;New York University
Scott, Marc;Marc Scott;New York University
Schon, Daniele;Daniele Schon;Institut de Neurosciences des Systems
Farbood, Morwaread;Morwaread Farbood;New York University
Good, Arla;Arla Good;Ryerson University
Pachete, Alexander;Alexander Pachete;Ryerson University
Kreutz, Gunter;Gunter Kreutz;Carl von Ossietzky Universität Oldenburg
Fiocco, Alexandra;Alexandra Fiocco;Ryerson University
Copelli, Fran;Fran Copelli;Ryerson University
Russo, Frank;Frank Russo;Ryerson University
Agrawal, Tanushree;Tanushree Agrawal;University of California, San Diego
Lee, Michelle;Michelle Lee;University of California, San Diego
Calcetas, Amanda;Amanda Calcetas;University of California, San Diego
Clarke, Danielle;Danielle Clarke;University of California, San Diego
Lin, Naomi;Naomi Lin;University of California, San Diego
Schachner, Adena;Adena Schachner;University of California, San Diego
Layeghi, Hamed;Hamed Layeghi;McGill University
Wanderley, Marcelo;Marcelo Wanderley;McGill University
Rottman, Josh;Josh Rottman;Franklin & Marshall College
Davis, Stacey;Stacey Davis;University of Texas at San Antonio
Duane, Ben;Ben Duane;Washington University in St. Louis
Christensen, Justin;Justin Christensen;University of Saskatchewan
Slavik, Lauren;Lauren Slavik;University of Alberta
Nicol, Jennifer;Jennifer Nicol;University of Saskatchewan
Loehr, Janeen;Janeen Loehr;University of Saskatchewan
Chander, Aditya;Aditya Chander;Stanford University
Huberth, Madeline;Madeline Huberth;Stanford University
Silverstein, Samantha;Samantha Silverstein;Center for Computer Research in Music and Acoustics, Stanford University
Fujioka, Takako;Takako Fujioka;Center for Computer Research in Music and Acoustics, Stanford University
Holland, Seth T;Seth T Holland;Georgia Institute of Technology
Brandon, Melissa;Melissa Brandon;Bridgewater State University
Nave, Karli;Karli Nave;University of Nevada, Las Vegas
Kinghorn, Elizabeth E;Elizabeth E Kinghorn;University of Western Ontario
Sreetharan, Sharmila;Sharmila Sreetharan;McMaster University
Anderson, Cameron;Cameron Anderson;McMaster University
Schlesinger, Joseph;Joseph Schlesinger;Vanderbilt University Medical Center
Gilmore, Sean A;Sean A Gilmore;Ryerson University
Pham, Phuong-Nghi;Phuong-Nghi Pham;Ryerson University
Moreno, Matthew;Matthew Moreno;University of Toronto
Woodruff, Earl;Earl Woodruff;University of Toronto
Chubb, Charlie;Charlie Chubb;University of California, Irvine
Dean, Tyler;Tyler Dean;University of California, Irvine
Mednicoff, Solena;Solena Mednicoff;University of California, Irvine
Ho, Joselyn;Joselyn Ho;University of California, Irvine
Waz, Sebastian C;Sebastian C Waz;University of California, Irvine
Douthitt, Christopher;Christopher Douthitt;Princeton University
Comishen, Kyle;Kyle Comishen;York University
Adler, Scott A;Scott A Adler;York University
Dubinsky, Ella;Ella Dubinsky;Ryerson University
Nespoli, Gabriel;Gabriel Nespoli;Ryerson University
Wood, Emily A;Emily A Wood;Ryerson University
Vuoskoski, Jonna K;Jonna K Vuoskoski;University of Oslo
Yu, Leyao;Leyao Yu;Vanderbilt University
Kasdan, Anna;Anna Kasdan;Vanderbilt University
Boorom, Olivia;Olivia Boorom;Vanderbilt University Medical Center
Gordon, Reyna;Reyna Gordon;Vanderbilt
Comstock, Daniel C;Daniel C Comstock;University of California, Merced
Balasubramaniam, Ramesh;Ramesh Balasubramaniam;University of California, Merced
Guerra, Bree K;Bree K Guerra;University of Texas at Austin
White, Christopher W;Christopher W White;University of Massachusetts Amherst
Schwitzgebel, Emily;Emily Schwitzgebel;Uni
Brown, Jenine L;Jenine L Brown;Peabody Conservatory of Music - Johns Hopkins University
Cornelius, Nathan;Nathan Cornelius;Peabody Conservatory of Music - Johns Hopkins University
Busse, Vera;Vera Busse;University of Vechta
Roden, Ingo;Ingo Roden;University of Oldenburg
Kreutz, Gunter;Gunter Kreutz;University of Oldenburg
Yoo, Hyesoo;Hyesoo Yoo;Virginia Tech 
Colverson, Aaron;Aaron Colverson;University of Florida
Sauvé, Sarah A;Sarah A Sauvé;Memorial University of Newfoundland
Kierzkowski, Michał;Michał Kierzkowski;The Stanislaw Moniuszko Academy of Music in Gdansk
Kierzkowska, Katarzyna;Katarzyna Kierzkowska;The Stanislaw Moniuszko Academy of Music in Gdansk
Simchy-Gross, Rhimmon;Rhimmon Simchy-Gross;University of Arkansas
Margulis, Elizabeth;Elizabeth Margulis;University of Arkansas
Dick, Hannah;Hannah Dick;Eastman School of Music
Babb, Charles;Charles Babb;University of Rochester
Luebke, Anne;Anne Luebke;University of Rochester
Bolt, Emily;Emily Bolt;Memorial University of Newfoundland
Nozaradan, Sylvie;Sylvie Nozaradan;University of California, Louvain
Fleming, David;David Fleming;Memorial University of Newfoundland
Nweke, Florence E;Florence E Nweke;Department of Creative Arts, Faculty of Arts, University of Lagos, Nigeria
Ogunwo, Bolaji;Bolaji Ogunwo;Department of Creative Arts, Faculty of Arts, University of Lagos, Nigeria
Tanaka, Shoji;Shoji Tanaka;Sophia University
Phillips, Elizabeth;Elizabeth Phillips;UNR
Wolfson, David;David Wolfson;Hunter College
Altun, Firat;Firat Altun;University of York
Bryan, Carolyn;Carolyn Bryan;Georgia Southern University
Zhao, Tian;Tian Zhao;University of Washington
Vomberg, Lauren H;Lauren H Vomberg;University of Lethbridge
Vokey, John;John Vokey;University of Queensland
Allen, Scott;Scott Allen;University of Lethbridge
Chandrashekaran, Nisha;Nisha Chandrashekaran;National Institute of Mental Health and Neuro Sciences
Venkatasubramanian, Ganesan;Ganesan Venkatasubramanian;National Institute of Mental Health and Neuro Sciences
Mankel, Kelsey;Kelsey Mankel;University of Memphis
Bidelman, Gavin;Gavin Bidelman;University of Memphis
Schwarz, Kate L;Kate L Schwarz;Georgia State University
Norgaard, Martin;Martin Norgaard;Georgia State University
Demorest, Steven M.;Steven M. Demorest;Northwestern University
White, Adam;Adam White;Northwestern University
Thompson, Rachel M;Rachel M Thompson;St. Mary's College of Maryland
Mantell, James;James Mantell;St. Mary's College of Maryland
Metcalfe, Tim;Tim Metcalfe;University of Sheffield
Goltz, Franziska;Franziska Goltz;Radboud University Nijmegen
Werken, Maan van de;Maan van de Werken;BrainTrain2020 Ltd.
Floridou, Georgia;Georgia Floridou;University of Sheffield
Müllensiefen, Daniel;Daniel Müllensiefen;Goldsmiths
Belfi, Amy;Amy Belfi;Missouri University of Science and Technology
Kacirek, Kaelyn;Kaelyn Kacirek;Missouri University of Science and Technology
Gray-Bauer, Helen;Helen Gray-Bauer;Skidmore College
Han, Jeoung Yeoun;Jeoung Yeoun Han;Pai Chai University
Cho, Eun;Eun Cho;University of California, Riverside
Leo, Vera;Vera Leo;University of Helsinki
Sihvonen, A.J.;A.J. Sihvonen;University of Helsinki
Linnavalli, T.;T. Linnavalli;University of Helsinki
Tervaniemi, M.;M. Tervaniemi;University of Helsinki
Laine, M.;M. Laine;Åbo Akademi University
Soinila, S.;S. Soinila;University of Turku
Sarkamo, T.;T. Sarkamo;University of Helsinki
Varghese, Sharon;Sharon Varghese;International Institute of Information Technology
Goel, Minaxi;Minaxi Goel;International Institute of Information Technology
Alluri, Vinoo;Vinoo Alluri;IIIT - Hyderabad
iordache, adrian;adrian iordache;University of South Florida
Bugos, Jennifer A;Jennifer A Bugos;University of South Florida
Flaten, Erica;Erica Flaten;McMaster University
Marion-St-Onge, Chanel;Chanel Marion-St-Onge;University of Montreal
Sharda, Megha;Megha Sharda;University of Montreal
Charignon, Margot;Margot Charignon;University of Montreal
Qi, Xin;Xin Qi;Western University Brain and Mind Institute
Siedenburg, Kai;Kai Siedenburg;Department of Medical Physics and Acoustics, Carl von Ossietzky University of Oldenburg
Reuter, Christoph;Christoph Reuter;Institute of Musicology, University of Vienna
Basiński, Krzysztof;Krzysztof Basiński;Medical University of Gdańsk
Zdun-Ryżewska, Agata;Agata Zdun-Ryżewska;Medical University of Gdańsk
Majkowicz, Mikołaj;Mikołaj Majkowicz;Pomeranian University in Słupsk
Nichols, Bryan;Bryan Nichols;Penn State University
Springer, D. Gregory;D. Gregory Springer;Florida State University
Teoh, Emily;Emily Teoh;Trinity College Dublin
Lalor, Edmund;Edmund Lalor;University of Rochester
Miguel, Martin A;Martin A Miguel;LIAA, DC, UBA
Sigman, Mariano;Mariano Sigman;LNI, UTDT
Slezak, Diego Fernandez;Diego Fernandez Slezak;LIAA, DC, UBA
Cramer, Alfred W;Alfred W Cramer;Pomona College
Bachmann, Hannah;Hannah Bachmann;Ohio State University
Heine, Katrina;Katrina Heine;University of Southern California
Damasio, Hanna;Hanna Damasio;University of Southern California
MacLean, Jessica;Jessica MacLean;Frost School of Music, University of Miami
Chubb, Charles;Charles Chubb;University of California, Irvine
Ho, Meng-Jou;Meng-Jou Ho;Keio University
Konno, Rei;Rei Konno;Keio University
Tomokane, James;James Tomokane;Keio University
Tokui, Nao;Nao Tokui;Keio University
Dean, Roger T.;Roger T. Dean;The MARCS Institute for Brain, Behaviour and Development, Western Sydney University
Leung, Yvonne;Yvonne Leung;University of New South Wales
Dobrowohl, Felix;Felix Dobrowohl;MARCS Institutes
Yamauchi, Momoka;Momoka Yamauchi;Keio University 
Hamaguchi, Miri;Miri Hamaguchi;Keio University
Kato, Aya;Aya Kato;Keio University
Kitayama, Yoichi;Yoichi Kitayama;Keio University
Ahn, Jisang;Jisang Ahn;Bellarmine College Preparatory 
Kim, Kyungho;Kyungho Kim;SK Hynix Memory Solutions
Oishi, Sho;Sho Oishi;Keio University
Cronin, Charles;Charles Cronin;George Washington University Law School
Atkinson, Quentin;Quentin Atkinson;University of Auckland
Ziv, Naomi;Naomi Ziv;College of Management - Academic Studies
Akca, Merve;Merve Akca;University of Oslo
Anzai, Reo;Reo Anzai;Keio University
Honda, Kazuaki;Kazuaki Honda;Keio University
Lopes, Pedro;Pedro Lopes;University of Chicago
Cirelli, Laura K;Laura K Cirelli;University of Toronto Scarborough
Simurra, Ivan Eiji;Ivan Eiji Simurra;University of ABC
Simon, Ethan;Ethan Simon;Skidmore College
Monzingo, Elizabeth;Elizabeth Monzingo;Ohio State University
Elliott, Emily;Emily Elliott;Louisiana State University
Ross, Jessica;Jessica Ross;Harvard Medical School
Proksch, Shannon;Shannon Proksch;University of California, Merced
Iversen, John;John Iversen;University of California, San Diego
Swett, Nicholas B;Nicholas B Swett;University of Sheffield
Bellaiche, Lucas;Lucas Bellaiche;University of Arkansas
Rudenko, Svetlana;Svetlana Rudenko;Trinity College Dublin
Lawendowski, Rafał;Rafał Lawendowski;Department of Social Sciences, University of Gdansk
Watson, Meredith;Meredith Watson;Vanderbilt University Medical Center
Xin, Rongyu;Rongyu Xin;Vanderbilt University
Munoz, Valerie;Valerie Munoz;Vanderbilt University Medical Center
Chang, Rachel;Rachel Chang;Skidmore College
Benecasa, Naomi;Naomi Benecasa;University of Sheffield
Cheng, Tzu-Han;Tzu-Han Cheng;University of California, San Diego
Wang, Youjia;Youjia Wang;Vanderbilt University
Burchesky, Michael Z;Michael Z Burchesky;Vanderbilt University Medical Center
Upadhyay, Durgesh K.;Durgesh K. Upadhyay;Department of Psychology, Mahatma Gandhi Kashi Vidyapith
Shepherd, Lauren M;Lauren M Shepherd;University of Arkansas
Jimenez, Ivan E;Ivan E Jimenez;Sibelius Academy, UNIARTS Helsinki
Kuusi, Tuire;Tuire Kuusi;Sibelius Academy, UNIARTS Helsinki
Doll, Christopher;Christopher Doll;Rutgers University
Siekmann, Lea M;Lea M Siekmann;University of Oldenburg
Hearne, Gareth;Gareth Hearne;The MARCS Institutes
Pfeifer, Jasmin;Jasmin Pfeifer;Heinrich-Heine-University
Hamann, Silke;Silke Hamann;University of Amsterdam
Ishikawa, Yuri;Yuri Ishikawa;Keio University
Nakatani, Masashi;Masashi Nakatani;Keio University
Schlegel, Amanda L;Amanda L Schlegel;University of South Carolina, School of Music 
Rooker, Courtney K;Courtney K Rooker;Butler University
Gordon, Reyna;Reyna Gordon;Vanderbilt University Medical Center
Bergeson, Tonya;Tonya Bergeson;Butler University
Rouse, Andrew;Andrew Rouse;Tufts University
Kao, Mimi;Mimi Kao;Tufts University
Verbeten, Jonathan E;Jonathan E Verbeten;Texas Tech University
Schlaug, Gottfried;Gottfried Schlaug;Harvard University
Appaji, Jay;Jay Appaji;Southern Methodist University, Dallas, Texas USA
Kaneshiro, Blair;Blair Kaneshiro;Stanford University
Honan, Anna;Anna Honan;University at Buffalo, SUNY
Pruitt, Tim;Tim Pruitt;University at Buffalo, SUNY
Crespo-Bojorque, Paola;Paola Crespo-Bojorque;Universitat Pompeu Fabra
Ma, Yiqing;Yiqing Ma;Louisiana State University
Davis, Connor;Connor Davis;Louisiana State University
Vukovics, Katherine M;Katherine M Vukovics;Louisiana State University
Pham, Phuong-Nghi T;Phuong-Nghi T Pham;Ryerson University
Moritz, Matthew R;Matthew R Moritz;Ohio State University
Heard, Matthew;Matthew Heard;Ohio State University
Lee, Yune S.;Yune S. Lee;Ohio State University
Lade, Sarah ER;Sarah ER Lade;McMaster University
Bosnyak, Daniel;Daniel Bosnyak;McMaster University
Thompson, Dave;Dave Thompson;McMaster University
Tichko, Parker;Parker Tichko;University of Connecticut
Kalustian, Kework;Kework Kalustian;Max Planck Institute for Empirical Aesthetics
DeMarie, Darlene;Darlene DeMarie;University of South Florida
Torres, Miranda;Miranda Torres;University of South Florida
Gbadamosi, Ayo;Ayo Gbadamosi;University of South Florida
Andersen, Sydney;Sydney Andersen;University of South Florida
Honda, Chihiro;Chihiro Honda;University at Buffalo
Chow, Karen;Karen Chow;University at Buffalo
Richard, Nicole;Nicole Richard;University of Toronto
Kim, Yoonji;Yoonji Kim;New York University
Sidtis, Diana;Diana Sidtis;New York University
Skantharajah, Neerjah;Neerjah Skantharajah;McMaster University
Herholz, Peer;Peer Herholz;Montréal Neurological Institute, McGill University
Kang, Kyurim;Kyurim Kang;University of Toronto
Chau, Tom;Tom Chau;Holland Bloorview Kids Rehabilitation Hospital
Roden, Ingo;Ingo Roden;Carl von Ossietzky University Oldenburg
Bordeaux, Selena;Selena Bordeaux;Purchase College, SUNY
Yen, Singyi;Singyi Yen;Ohio State University
Bendoly, David;David Bendoly;Ohio State University
Pistillo, Tiana;Tiana Pistillo;Purchase College, SUNY
Gardner, Sammy;Sammy Gardner;University of North Texas
Cui, Anja-X.;Anja-X. Cui;Queen's University
Troje, Nikolaus F.;Nikolaus F. Troje;York University
Cuddy, Lola L.;Lola L. Cuddy;Queen's University
Veillette, John;John Veillette;University of Chicago
Deocampo, Joanne A;Joanne A Deocampo;Georgia State University
Conway, Christopher;Christopher Conway;Boys Town National Research Hospital
Leslie, Jared W.;Jared W. Leslie;University of Nevada, Las Vegas
Todd, Christy;Christy Todd;Rising Starr Middle School
Meisler, Steven L;Steven L Meisler;Massachusetts General Hospital
Bodien, Yelena;Yelena Bodien;Massachusetts General Hospital
Zhou, David;David Zhou;Massachusetts Institute of Technology
Edlow, Brian;Brian Edlow;Massachusetts General Hospital
Blais, Mélody;Mélody Blais;BRAMS
Devaney, Johanna;Johanna Devaney;Brooklyn College
Ladanyi, Eniko;Eniko Ladanyi;Vanderbilt University Medical Center
Lukacs, Agnes;Agnes Lukacs;Budapest University of Technology and Economics
Gervain, Judit;Judit Gervain;Universite Paris Descartes
Kim, Minju;Minju Kim;University of California, San Diego
Liu, Talia;Talia Liu;Vanderbilt University Medical Center
Dai, Danielle;Danielle Dai;Vanderbilt University Medical Center
Smith, Toni M;Toni M Smith;University of Connecticut
Winters, Michael;Michael Winters;Georgia Institute of Technology
Walker, Bruce;Bruce Walker;Georgia Institute of Technology
Leslie, Grace;Grace Leslie;Georgia Institute of Technology
Arthur, Claire;Claire Arthur;Georgia Institute of Technology
Silcott, Alejandra;Alejandra Silcott;Georgia Institute of Technology
Bourne, Janet;Janet Bourne;University of California, Santa Barbara
Alsalloom, Sami;Sami Alsalloom;University of California, Santa Barbara
Bausch, Tim;Tim Bausch;University of California, Santa Barbara
Torre, Heather Cardoz de la;Heather Cardoz de la Torre;University of California, Santa Barbara
Dalarossa, Michelle;Michelle Dalarossa;University of California, Santa Barbara
Kan, Tommy;Tommy Kan;University of California, Santa Barbara
Lai, Annie;Annie Lai;University of California, Santa Barbara
Moreno, Gregory;Gregory Moreno;University of California, Santa Barbara
Yu, Jishing;Jishing Yu;University of California, Santa Barbara
Persici, Valentina;Valentina Persici;University of Milano - Bicocca
Jacoby, Nori;Nori Jacoby;Max Planck Institute for Empirical Aesthetics
Mussio, Jessica;Jessica Mussio;University of Nevada, Las Vegas
Benjamin, Rebecca;Rebecca Benjamin;McMaster University
Guerrero, Benjamin;Benjamin Guerrero;Eastman School of Music
Good, Arla;Arla Good;Ryerson University
Médé, Butovens;Butovens Médé;University of California, Merced
Kello, Christopher;Christopher Kello;University of California, Merced
Chon, Song Hui;Song Hui Chon;Belmont University
Beghin, Tom;Tom Beghin;Orpheus Institute
Duke, Bob;Bob Duke;The University of Texas at Austin
Allen, Sarah;Sarah Allen;Southern Methodist University
Hamilton, Lani;Lani Hamilton;University of Missouri- Kansas City
Cash, Carla;Carla Cash;Texas Tech University
Simmons, Amy;Amy Simmons;The University of Texas at Austin
Honda, Shiori;Shiori Honda;Keio University
Tarumi, Ryosuke;Ryosuke Tarumi;Keio University
Noda, Yoshihiro;Yoshihiro Noda;Keio University
Matsushita, Karin;Karin Matsushita;Keio University
Nomiyama, Natsumi;Natsumi Nomiyama;Keio University
Ochi, Ryo;Ryo Ochi;Keio University
Tsugawa, Sakiko;Sakiko Tsugawa;Keio University
Nakajima, Shinichiro;Shinichiro Nakajima;Keio University
Mimura, Masaru;Masaru Mimura;Keio University
Beck, Quincy;Quincy Beck;Brown University
Cohen, Annabel;Annabel Cohen;University of Prince Edward Island
Harrington, Ann;Ann Harrington;Ball State University
Yinger, Olivia S;Olivia S Yinger;University of Kentucky
Melven, William;William Melven;University of South Carolina
Yoo, Jessica;Jessica Yoo;University of Memphis
Brinkman, Andrew W;Andrew W Brinkman;Ohio State University
Hoddinott, Joshua;Joshua Hoddinott;Western University
Henry, Molly;Molly Henry;Western University
Grahn, Jessica;Jessica Grahn;University of Western Ontario
Goldman, Sylvie;Sylvie Goldman;Columbia University Medical Center 
Isler, Joseph;Joseph Isler;Columbia University Medical Center 
Yamane, Natasha;Natasha Yamane;Columbia University Medical Center 
Wyne, Sophia;Sophia Wyne;Columbia University Medical Center
Myers, Michael;Michael Myers;Columbia University Medical Center
Tottenham, Nim;Nim Tottenham;Columbia University
Douglas, Kyle;Kyle Douglas;University of California, Santa Barbara
Moreno, Greg;Greg Moreno;University of California, Santa Barbara
Pathak, Harini;Harini Pathak;University of California, Santa Barbara
McKee, Michelle;Michelle McKee;University of California, Santa Barbara
Bourne, Janet;Janet Bourne;University of California, Santa Barbara
Arrasmith, Kathleen K;Kathleen K Arrasmith;University of South Carolina
McPherson, Malinda;Malinda McPherson;Harvard University
Cousineau, Marion;Marion Cousineau;University of Montreal
Pelofi, Claire;Claire Pelofi;New York University
Polak, Rainer;Rainer Polak;Max Planck Institute for Empirical Aesthetics
Cameron, Daniel;Daniel Cameron;Brain and Mind Institute, University of Western Ontario
Lee, Kyung Myun;Kyung Myun Lee;Korea Advanced Institute of Science and Technology
Jakubowski, Kelly;Kelly Jakubowski;Durham University
Clayton, Martin;Martin Clayton;Durham University
Undurraga, Eduardo;Eduardo Undurraga;Universidad Católica de Chile
Godoy, Ricardo;Ricardo Godoy;Brandeis University
Huanca, Tomas;Tomas Huanca;CBIDSI Bolivia
Thalwitzer, Timon;Timon Thalwitzer;University of Vienna
Mungan, Esra;Esra Mungan;Bogaziçi University, Psychology Department
Kaya, Ece;Ece Kaya;Boğaziçi University
Jure, Luís;Luís Jure;Universidad de la República
Rocamora, Martín;Martín Rocamora;Universidad de la República
Goldberg, Daniel;Daniel Goldberg;University of Connecticut
Holzapfel, Andre;Andre Holzapfel;KTH Royal Institute of Technology in Stockholm
Baird, Amee;Amee Baird;Macquarie University
Thompson, Marc;Marc Thompson;University of Jyväskylä
Kragness, Haley;Haley Kragness;McMaster University
Upham, Finn;Finn Upham;New York University
Slevc, Robert;Robert Slevc;University of Maryland
Baraku, Elger;Elger Baraku;McMaster University
Henry, Molly;Molly Henry;Max Planck Institute for Empirical Aesthetics
Swarbrick, Dana;Dana Swarbrick;McMaster University
Dotov, Dobri;Dobri Dotov;McMaster University
Bruce, Ian;Ian Bruce;McMaster University
Taylor, Larissa;Larissa Taylor;McMaster University
Sonnadara, Ranil;Ranil Sonnadara;McMaster University
Soden, Kit V;Kit V Soden;McGill University, CIRMMT
Hasegawa, Robert;Robert Hasegawa;McGill University
Delisle, Julie;Julie Delisle;McGill University
Wallmark, Zachary;Zachary Wallmark;Southern Methodist University
Fischer, Manda;Manda Fischer;University of Toronto
Traube, Caroline;Caroline Traube;Université de Montréal
Cordero, Victor;Victor Cordero;Haute école de musique Genève – Neuchâtel
Cella, Carmine-Emanuele;Carmine-Emanuele Cella;University of California, Berkeley
Marks, Lawrence;Lawrence Marks;Yale University
Thoret, Étienne;Étienne Thoret;McGill University
Henry, Max;Max Henry;McGill University
Goodchild, Meghan;Meghan Goodchild;Queen's University
Mendoza, Jennifer K;Jennifer K Mendoza;University of Oregon
Fausey, Caitlin;Caitlin Fausey;University of Oregon